sample_index,run_id,scenario,timestamp_utc,elapsed_ms,phase,reason,request_count,attempted_requests,completed_requests,errors,integrity_failures,warmup_requests,total_operation_count,working_set_bytes,private_memory_bytes,virtual_memory_bytes,handle_count,threads,managed_heap_bytes,managed_heap_unavailable_reason,heap_size_bytes,fragmented_bytes,gc_index,gen0,gen1,gen2,total_allocated_bytes,vmrss_bytes,vmrss_unavailable_reason,vmsize_bytes,vmsize_unavailable_reason,vmdata_bytes,vmdata_unavailable_reason,rss_anon_bytes,rss_anon_unavailable_reason,rss_file_bytes,rss_file_unavailable_reason,rss_shmem_bytes,rss_shmem_unavailable_reason,last_latency_ms,mean_latency_ms,p50_latency_ms,p95_latency_ms,p99_latency_ms,last_inference_ms,sequence_length,was_truncated
0,phase3a-formal-20260925-v3-shape-medium-q1,full-pipeline,2026-09-24T22:34:56.6364702+00:00,0.4268,lifecycle,t0-before-model-load,0,0,0,0,0,0,0,60923904,184242176,36483477504,86,11,1310544,,0,0,0,0,0,0,1306488,60887040,,36483485696,,184102912,,9551872,,45518848,,5816320,,,,,,,,,
1,phase3a-formal-20260925-v3-shape-medium-q1,full-pipeline,2026-09-24T22:34:59.5038801+00:00,2867.8351,setup,t1-after-model-load,0,0,0,0,0,0,0,939167744,1992474624,38927929344,102,21,1891256,,0,0,0,0,0,0,1885544,939143168,,38927929344,,1992232960,,862941184,,67665920,,8536064,,,,,,,,,
2,phase3a-formal-20260925-v3-shape-medium-q1,full-pipeline,2026-09-24T22:34:59.6864234+00:00,3050.3783,first-operation,t2-after-first-operation,0,0,0,0,0,1,1,945094656,1992605696,38927925248,102,21,1989432,,0,0,0,0,0,0,1983408,945074176,,38927925248,,1992364032,,863711232,,72396800,,8966144,,,,,,,147.1161,133,false
3,phase3a-formal-20260925-v3-shape-medium-q1,full-pipeline,2026-09-24T22:35:00.3259976+00:00,3689.9523,warmup,warmup-complete,0,0,0,0,0,5,5,946511872,1993302016,38927941632,104,21,2178072,,0,0,0,0,0,0,2171496,946470912,,38927941632,,1992994816,,864411648,,72548352,,9510912,,,,,,,,,
4,phase3a-formal-20260925-v3-shape-medium-q1,full-pipeline,2026-09-24T22:35:00.3294193+00:00,3693.3737,measurement,request-count-0,0,0,0,0,0,5,5,946577408,1993367552,38927933440,104,21,2243608,,0,0,0,0,0,0,2236816,946552832,,38927933440,,1993060352,,864477184,,72548352,,9527296,,,,,,,,,
5,phase3a-formal-20260925-v3-shape-medium-q1,full-pipeline,2026-09-24T22:35:01.9662946+00:00,5330.2497,measurement,request-count-10,10,10,10,0,0,5,15,951726080,1997938688,38927941632,104,21,2710504,,0,0,0,0,0,0,2702608,951701504,,38927941632,,1997697024,,869060608,,72613888,,10027008,,169.2966,162.472,163.4302,213.0315,220.4987,168.8294,133,false
6,phase3a-formal-20260925-v3-shape-medium-q1,full-pipeline,2026-09-24T22:35:07.5747005+00:00,10938.6555,measurement,request-count-50,50,50,50,0,0,5,55,955695104,2051141632,39246966784,107,22,3939240,,0,0,0,0,0,0,3927696,955678720,,39246966784,,2050899968,,871645184,,73531392,,10502144,,151.1879,139.7476,136.2031,175.6849,184.3723,150.7508,133,false
7,phase3a-formal-20260925-v3-shape-medium-q1,full-pipeline,2026-09-24T22:35:14.8178776+00:00,18181.8328,measurement,request-count-100,100,100,100,0,0,5,105,957607936,2019409920,39213408256,104,21,5454544,,0,0,0,0,0,0,5430672,957583360,,39213408256,,2019168256,,873402368,,73531392,,10649600,,108.9285,144.4674,144.4148,182.962,215.5647,108.5724,133,false
8,phase3a-formal-20260925-v3-shape-medium-q1,full-pipeline,2026-09-24T22:35:21.6383247+00:00,25002.2798,measurement,request-count-150,150,150,150,0,0,5,155,959217664,2020982784,39213412352,104,21,6978320,,0,0,0,0,0,0,6949984,959197184,,39213412352,,2020741120,,874995712,,73531392,,10670080,,112.0787,134.7686,130.1517,181.3076,210.2327,111.7416,133,false
9,phase3a-formal-20260925-v3-shape-medium-q1,full-pipeline,2026-09-24T22:35:28.4340985+00:00,31798.0534,measurement,request-count-200,200,200,200,0,0,5,205,960765952,2022551552,39213412352,104,21,8493872,,0,0,0,0,0,0,8461072,960745472,,39213412352,,2022248448,,876519424,,73531392,,10694656,,136.3184,135.3488,130.7588,171.1793,187.8498,135.9645,133,false
10,phase3a-formal-20260925-v3-shape-medium-q1,full-pipeline,2026-09-24T22:35:35.8561918+00:00,39220.1565,measurement,request-count-250,250,250,250,0,0,5,255,962428928,2023907328,39213404160,104,21,2148088,,648528,7448,1,1,0,0,9961168,962428928,,39213404160,,2023665664,,878092288,,73596928,,10739712,,182.7894,147.9311,146.8746,192.6032,223.4865,182.3805,133,false
11,phase3a-formal-20260925-v3-shape-medium-q1,full-pipeline,2026-09-24T22:35:42.8443408+00:00,46208.2959,measurement,request-count-300,300,300,300,0,0,5,305,962633728,2024087552,39213408256,102,21,3661304,,648528,7448,1,1,0,0,11469968,962633728,,39213408256,,2023845888,,878280704,,73596928,,10756096,,140.4216,139.3395,137.621,174.6451,193.0317,140.1437,133,false
12,phase3a-formal-20260925-v3-shape-medium-q1,full-pipeline,2026-09-24T22:35:49.9664534+00:00,53330.4084,measurement,request-count-350,350,350,350,0,0,5,355,962646016,2024087552,39213412352,102,21,5184008,,648528,7448,1,1,0,0,12988232,962646016,,39213412352,,2023845888,,878280704,,73596928,,10768384,,115.2541,141.9669,137.4812,194.7371,217.6632,114.9207,133,false
13,phase3a-formal-20260925-v3-shape-medium-q1,full-pipeline,2026-09-24T22:35:57.1102694+00:00,60474.2244,measurement,request-count-400,400,400,400,0,0,5,405,962662400,2024067072,39213387776,102,20,6691752,,648528,7448,1,1,0,0,14491536,962662400,,39213387776,,2023825408,,878284800,,73596928,,10780672,,129.0138,142.0026,134.9116,187.1356,198.5457,128.659,133,false
14,phase3a-formal-20260925-v3-shape-medium-q1,full-pipeline,2026-09-24T22:36:04.3164926+00:00,67680.4476,measurement,request-count-450,450,450,450,0,0,5,455,962662400,2024087552,39213412352,102,21,8214656,,648528,7448,1,1,0,0,16009976,962662400,,39213387776,,2023825408,,878284800,,73596928,,10780672,,101.1103,143.7144,142.6508,171.1003,235.8204,100.8221,133,false
15,phase3a-formal-20260925-v3-shape-medium-q1,full-pipeline,2026-09-24T22:36:11.3419724+00:00,74705.9276,measurement,request-count-500,500,500,500,0,0,5,505,963186688,2024611840,39213404160,102,21,1349056,,640128,656,2,2,1,0,17528200,963186688,,39213404160,,2024370176,,878800896,,73596928,,10788864,,118.11,138.7946,136.6538,170.7837,181.5508,117.5227,133,false
16,phase3a-formal-20260925-v3-shape-medium-q1,full-pipeline,2026-09-24T22:36:17.7612884+00:00,81125.2434,measurement,request-count-550,550,550,550,0,0,5,555,963207168,2024611840,39213404160,104,21,2865040,,640128,656,2,2,1,0,19039720,963207168,,39213404160,,2024370176,,878800896,,73596928,,10809344,,129.9837,127.9932,124.6763,167.2207,180.8635,129.6461,133,false
17,phase3a-formal-20260925-v3-shape-medium-q1,full-pipeline,2026-09-24T22:36:24.3613090+00:00,87725.2642,measurement,request-count-600,600,600,600,0,0,5,605,964259840,2025541632,39213404160,104,21,4381128,,640128,656,2,2,1,0,20551344,964259840,,39213404160,,2025299968,,879849472,,73596928,,10813440,,180.577,131.6189,129.6302,169.0554,179.6839,180.2669,133,false
18,phase3a-formal-20260925-v3-shape-medium-q1,full-pipeline,2026-09-24T22:36:31.0992324+00:00,94463.1873,measurement,request-count-650,650,650,650,0,0,5,655,964259840,2025521152,39213379584,102,20,5888984,,640128,656,2,2,1,0,22054784,964259840,,39213379584,,2025279488,,879849472,,73596928,,10813440,,126.1123,133.2651,127.9189,165.0467,174.5678,125.5697,133,false
19,phase3a-formal-20260925-v3-shape-medium-q1,full-pipeline,2026-09-24T22:36:38.1252954+00:00,101489.2504,measurement,request-count-700,700,700,700,0,0,5,705,964259840,2025541632,39213404160,104,21,7411896,,640128,656,2,2,1,0,23573232,964259840,,39213404160,,2025299968,,879849472,,73596928,,10813440,,129.8226,140.0772,134.7242,168.9798,185.4807,129.4812,133,false
20,phase3a-formal-20260925-v3-shape-medium-q1,full-pipeline,2026-09-24T22:36:44.8940193+00:00,108257.9743,measurement,request-count-750,750,750,750,0,0,5,755,964280320,2025541632,39213412352,104,21,8927992,,640128,656,2,2,1,0,25084864,964280320,,39213412352,,2025299968,,879849472,,73596928,,10833920,,119.8291,134.8192,132.9315,173.3184,192.681,119.487,133,false
21,phase3a-formal-20260925-v3-shape-medium-q1,full-pipeline,2026-09-24T22:36:51.8822060+00:00,115246.1611,measurement,request-count-800,800,800,800,0,0,5,805,964288512,2025521152,39213387776,104,21,2059320,,643712,752,3,3,1,0,26590440,964288512,,39213387776,,2025279488,,879849472,,73596928,,10842112,,137.9553,139.233,135.2744,191.1886,210.5096,137.5402,133,false
22,phase3a-formal-20260925-v3-shape-medium-q1,full-pipeline,2026-09-24T22:36:59.0351603+00:00,122399.1151,measurement,request-count-850,850,850,850,0,0,5,855,964288512,2025541632,39213412352,102,21,3575424,,643712,752,3,3,1,0,28102080,964288512,,39213387776,,2025279488,,879849472,,73596928,,10842112,,117.2987,142.341,137.9887,183.3944,209.0532,116.8994,133,false
23,phase3a-formal-20260925-v3-shape-medium-q1,full-pipeline,2026-09-24T22:37:06.1852118+00:00,129549.1668,measurement,request-count-900,900,900,900,0,0,5,905,964292608,2025541632,39213412352,102,21,5091408,,643712,752,3,3,1,0,29613600,964292608,,39213412352,,2025299968,,879849472,,73596928,,10846208,,173.4531,141.4086,137.5755,178.6762,189.2482,173.0336,133,false
24,phase3a-formal-20260925-v3-shape-medium-q1,full-pipeline,2026-09-24T22:37:12.8041981+00:00,136168.1534,measurement,request-count-950,950,950,950,0,0,5,955,964317184,2025541632,39213412352,104,21,6607392,,643712,752,3,3,1,0,31125120,964317184,,39213412352,,2025299968,,879849472,,73596928,,10870784,,130.5469,132.0597,133.2731,157.1959,174.9468,130.1688,133,false
25,phase3a-formal-20260925-v3-shape-medium-q1,full-pipeline,2026-09-24T22:37:19.7952835+00:00,143159.2389,measurement,request-count-1000,1000,1000,1000,0,0,5,1005,964325376,2025541632,39213412352,102,21,8123520,,643712,752,3,3,1,0,32636784,964325376,,39213412352,,2025299968,,879849472,,73596928,,10878976,,137.3895,139.1822,134.413,186.6407,214.2398,137.0481,133,false
26,phase3a-formal-20260925-v3-shape-medium-q1,full-pipeline,2026-09-24T22:37:19.8083324+00:00,143172.2874,idle,idle-0-seconds,1000,1000,1000,0,0,5,1005,964333568,2025541632,39213404160,102,21,8207384,,643712,752,3,3,1,0,32720360,964333568,,39213404160,,2025299968,,879849472,,73596928,,10887168,,,,,,,,,
27,phase3a-formal-20260925-v3-shape-medium-q1,full-pipeline,2026-09-24T22:37:19.9555545+00:00,143319.51,lifecycle,post-dispose,1000,1000,1000,0,0,5,1005,479772672,623775744,37811609600,102,12,8260184,,643712,752,3,3,1,0,32772992,479772672,,37811609600,,623534080,,398598144,,70270976,,10903552,,,,,,,,,
